https://www.citiesocial.com/collections/vendors?q=hii,
https://www.citiesocial.com/collections/vendors?q=CARD,
https://www.citiesocial.com/collections/vendors?q=Viviva,
https://www.citiesocial.com/collections/vendors?q=WayCap,
https://www.citiesocial.com/collections/vendors?q=WY,
https://www.citiesocial.com/collections/vendors?q=%E6%97%A5%E6%9C%AC%E6%A1%83%E9%9B%AA,
https://www.citiesocial.com/collections/vendors?q=breo,
https://www.citiesocial.com/collections/vendors?q=MP%20Magic%20Socks,
https://www.citiesocial.com/collections/vendors?q=%E5%8C%97%E9%BC%8E,
https://www.citiesocial.com/collections/vendors?q=Prepara,
https://www.citiesocial.com/collections/vendors?q=Twinbird,
https://www.citiesocial.com/collections/vendors?q=Sunbeam,
https://www.citiesocial.com/collections/vendors?q=Fender,
https://www.citiesocial.com/collections/vendors?q=AJ2,
https://www.citiesocial.com/collections/vendors?q=TAN%20MAY,
https://www.citiesocial.com/collections/vendors?q=yashica,
https://www.citiesocial.com/collections/vendors?q=Dr.Smith,
https://www.citiesocial.com/collections/vendors?q=%E5%9C%9F%E5%B1%B1%E7%82%AD%E8%A3%BD%E4%BD%9C%E6%89%80,
https://www.citiesocial.com/collections/vendors?q=Joseph%20Joseph,
https://www.citiesocial.com/collections/vendors?q=Teha%27amana,
https://www.citiesocial.com/collections/vendors?q=XD-Design,
https://www.citiesocial.com/collections/vendors?q=Luxy%20Star%20Electronics%20Inc.,
https://www.citiesocial.com/collections/vendors?q=tokuyo,
https://www.citiesocial.com/collections/vendors?q=HU2,
https://www.citiesocial.com/collections/vendors?q=dokiWatch,
https://www.citiesocial.com/collections/vendors?q=PAWBO,
https://www.citiesocial.com/collections/vendors?q=IONION,
https://www.citiesocial.com/collections/vendors?q=OGON,
https://www.citiesocial.com/collections/vendors?q=Moscow,
https://www.citiesocial.com/collections/vendors?q=Clinks,
https://www.citiesocial.com/collections/vendors?q=Adam%20Elements,
https://www.citiesocial.com/collections/vendors?q=BlueAnt,
https://www.citiesocial.com/collections/vendors?q=GOAT%20STORY,
https://www.citiesocial.com/collections/vendors?q=Philips%E9%A3%9B%E5%88%A9%E6%B5%A6,
https://www.citiesocial.com/collections/vendors?q=CasusGrill,
https://www.citiesocial.com/collections/vendors?q=The%20Pillow,
https://www.citiesocial.com/collections/vendors?q=Bullsone,
https://www.citiesocial.com/collections/vendors?q=%E6%97%A5%E6%9C%AC%E7%8E%8B%E6%A7%98,
https://www.citiesocial.com/collections/vendors?q=Snore%20Circle,
https://www.citiesocial.com/collections/vendors?q=Sound%20Oasis,
https://www.citiesocial.com/collections/vendors?q=Sleepace,
https://www.citiesocial.com/collections/vendors?q=ambion,
https://www.citiesocial.com/collections/vendors?q=shapeLed,
https://www.citiesocial.com/collections/vendors?q=Marpac,
https://www.citiesocial.com/collections/vendors?q=BEDMATE,
https://www.citiesocial.com/collections/vendors?q=Reikel,
https://www.citiesocial.com/collections/vendors?q=recolte,
https://www.citiesocial.com/collections/vendors?q=monCarbone,
https://www.citiesocial.com/collections/vendors?q=Prodigee,
https://www.citiesocial.com/collections/vendors?q=Mistral,
https://www.citiesocial.com/collections/vendors?q=xenomix,
https://www.citiesocial.com/collections/vendors?q=Just%20Mobile,
https://www.citiesocial.com/collections/vendors?q=GekkoPod,
https://www.citiesocial.com/collections/vendors?q=Omcare,
https://www.citiesocial.com/collections/vendors?q=Hi%20Pepper,
https://www.citiesocial.com/collections/vendors?q=scosche%C2%AE,
https://www.citiesocial.com/collections/vendors?q=Molecule%20Aroma,
https://www.citiesocial.com/collections/vendors?q=O-Grill,
https://www.citiesocial.com/collections/vendors?q=Oster,
https://www.citiesocial.com/collections/vendors?q=arlink,
https://www.citiesocial.com/collections/vendors?q=BOSIGN,
https://www.citiesocial.com/collections/vendors?q=CYCOP,
https://www.citiesocial.com/collections/vendors?q=Sunrise,
https://www.citiesocial.com/collections/vendors?q=Lt-Leadtrend.,
https://www.citiesocial.com/collections/vendors?q=MOGICS,
https://www.citiesocial.com/collections/vendors?q=BLACK%2BDECKER,
https://www.citiesocial.com/collections/vendors?q=HOMI,
https://www.citiesocial.com/collections/vendors?q=CliqueFie,
https://www.citiesocial.com/collections/vendors?q=Y-PLY,
https://www.citiesocial.com/collections/vendors?q=STANLEY,
https://www.citiesocial.com/collections/vendors?q=Matador,
https://www.citiesocial.com/collections/vendors?q=Lulabop,
https://www.citiesocial.com/collections/vendors?q=Cycloflame,
https://www.citiesocial.com/collections/vendors?q=Craftr%C2%AE,
https://www.citiesocial.com/collections/vendors?q=Braun%C2%AE,
https://www.citiesocial.com/collections/vendors?q=MOMAX,
https://www.citiesocial.com/collections/vendors?q=ARKY,
https://www.citiesocial.com/collections/vendors?q=FUN%20FACTORY,
https://www.citiesocial.com/collections/vendors?q=ION%20Audio,
https://www.citiesocial.com/collections/vendors?q=elago,
https://www.citiesocial.com/collections/vendors?q=HELOIDEO,
https://www.citiesocial.com/collections/vendors?q=TZULA%C3%AF,
https://www.citiesocial.com/collections/vendors?q=Smart%20Cart,
https://www.citiesocial.com/collections/vendors?q=Sport%20Brella,
https://www.citiesocial.com/collections/vendors?q=MiNiray,
https://www.citiesocial.com/collections/vendors?q=LuminAID,
https://www.citiesocial.com/collections/vendors?q=ALITE,
https://www.citiesocial.com/collections/vendors?q=YA-MAN,
https://www.citiesocial.com/collections/vendors?q=TRONNOVATE,
https://www.citiesocial.com/collections/vendors?q=Oral-B,
https://www.citiesocial.com/collections/vendors?q=FitSleep,
https://www.citiesocial.com/collections/vendors?q=KNOWS%26GOODS,
https://www.citiesocial.com/collections/vendors?q=Xvida,
https://www.citiesocial.com/collections/vendors?q=TATONKA,
https://www.citiesocial.com/collections/vendors?q=KOR,
https://www.citiesocial.com/collections/vendors?q=S%E2%80%99well,
https://www.citiesocial.com/collections/vendors?q=BONNSU,
https://www.citiesocial.com/collections/vendors?q=CB%20JAPAN,
https://www.citiesocial.com/collections/vendors?q=%E6%BA%90%E6%BA%90%E9%8B%BC%E8%97%9D%20uanuan,
https://www.citiesocial.com/collections/vendors?q=URBANER,
https://www.citiesocial.com/collections/vendors?q=SONO,
https://www.citiesocial.com/collections/vendors?q=LOURDES,
https://www.citiesocial.com/collections/vendors?q=Patchworks,
https://www.citiesocial.com/collections/vendors?q=Combi,
https://www.citiesocial.com/collections/vendors?q=Vacances,
https://www.citiesocial.com/collections/vendors?q=Monkey%20Mat,
https://www.citiesocial.com/collections/vendors?q=Bushnell,
https://www.citiesocial.com/collections/vendors?q=OKAA,
https://www.citiesocial.com/collections/vendors?q=LAQ%20DESIGN,
https://www.citiesocial.com/collections/vendors?q=NIID,
https://www.citiesocial.com/collections/vendors?q=Onlili,
https://www.citiesocial.com/collections/vendors?q=BackJoy,
https://www.citiesocial.com/collections/vendors?q=Unplug,
https://www.citiesocial.com/collections/vendors?q=Lasko,
https://www.citiesocial.com/collections/vendors?q=Fusion,
https://www.citiesocial.com/collections/vendors?q=FENICE,
https://www.citiesocial.com/collections/vendors?q=JAM,
https://www.citiesocial.com/collections/vendors?q=MaxStone,
https://www.citiesocial.com/collections/vendors?q=OVO,
https://www.citiesocial.com/collections/vendors?q=cheero%C2%AE,
https://www.citiesocial.com/collections/vendors?q=Prynt,
https://www.citiesocial.com/collections/vendors?q=%E5%8D%81%E9%8A%93%E7%A7%91%E6%8A%80%20Team%20Group%20Inc.,
https://www.citiesocial.com/collections/vendors?q=BRIZON,
https://www.citiesocial.com/collections/vendors?q=B.C.B,
https://www.citiesocial.com/collections/vendors?q=POLER%20STUFF,
https://www.citiesocial.com/collections/vendors?q=Asobu%C2%AE,
https://www.citiesocial.com/collections/vendors?q=3%2B%20Magi%20Mags,
https://www.citiesocial.com/collections/vendors?q=RIEDEL,
https://www.citiesocial.com/collections/vendors?q=Bookniture,
https://www.citiesocial.com/collections/vendors?q=Dashbon,
https://www.citiesocial.com/collections/vendors?q=XINCHANG,
https://www.citiesocial.com/collections/vendors?q=Tidy%20TOT,
https://www.citiesocial.com/collections/vendors?q=Pustefix,
https://www.citiesocial.com/collections/vendors?q=Dyson,
https://www.citiesocial.com/collections/vendors?q=KOR%20Water,
https://www.citiesocial.com/collections/vendors?q=BOSOKOREA,
https://www.citiesocial.com/collections/vendors?q=Jumper%20Power%20Banks,
https://www.citiesocial.com/collections/vendors?q=Driver,
https://www.citiesocial.com/collections/vendors?q=Stadler%20Form,
https://www.citiesocial.com/collections/vendors?q=TENGA,
https://www.citiesocial.com/collections/vendors?q=Everbliss%20Green,
https://www.citiesocial.com/collections/vendors?q=MysteryVibe,
https://www.citiesocial.com/collections/vendors?q=Womanizer,
https://www.citiesocial.com/collections/vendors?q=drippp.,
https://www.citiesocial.com/collections/vendors?q=Cabin%20Zero,
https://www.citiesocial.com/collections/vendors?q=%E5%AF%8C%E5%B3%B6,
https://www.citiesocial.com/collections/vendors?q=sistalk,
https://www.citiesocial.com/collections/vendors?q=Notabag,
https://www.citiesocial.com/collections/vendors?q=Hedgren,
https://www.citiesocial.com/collections/vendors?q=POPSICASE,
https://www.citiesocial.com/collections/vendors?q=Richbox,
https://www.citiesocial.com/collections/vendors?q=PantoneUniverse,
https://www.citiesocial.com/collections/vendors?q=24Bottles,
https://www.citiesocial.com/collections/vendors?q=Catalyst,
https://www.citiesocial.com/collections/vendors?q=KeepCup,
https://www.citiesocial.com/collections/vendors?q=bubbling%20plus,
https://www.citiesocial.com/collections/vendors?q=Bodum,
https://www.citiesocial.com/collections/vendors?q=Oceanrich,
https://www.citiesocial.com/collections/vendors?q=Nescafe%20DolceGusto,
https://www.citiesocial.com/collections/vendors?q=QLOCKTWO,
https://www.citiesocial.com/collections/vendors?q=COMANDANTE,
https://www.citiesocial.com/collections/vendors?q=HARIO,
https://www.citiesocial.com/collections/vendors?q=CAMDEN,
https://www.citiesocial.com/collections/vendors?q=EONE,
https://www.citiesocial.com/collections/vendors?q=FORREST,
https://www.citiesocial.com/collections/vendors?q=Newgate,
https://www.citiesocial.com/collections/vendors?q=%E8%8B%B1%E5%9C%8Bnimble,
https://www.citiesocial.com/collections/vendors?q=LEFF%20amsterdam%20watch,
https://www.citiesocial.com/collections/vendors?q=SERENE%20HOUSE,
https://www.citiesocial.com/collections/vendors?q=Boxtory,
https://www.citiesocial.com/collections/vendors?q=John%27s%20Blend,
https://www.citiesocial.com/collections/vendors?q=Mastrad,
https://www.citiesocial.com/collections/vendors?q=Visbella,
https://www.citiesocial.com/collections/vendors?q=Ingela%20P.%20Arrehnius,
https://www.citiesocial.com/collections/vendors?q=kobold,
https://www.citiesocial.com/collections/vendors?q=adidas%20Training,
https://www.citiesocial.com/collections/vendors?q=DYNOMIGHTY,
https://www.citiesocial.com/collections/vendors?q=Moosy%20Life,
https://www.citiesocial.com/collections/vendors?q=%E4%B8%8A%E7%BE%BD%E7%B9%AA%E6%83%A3,
https://www.citiesocial.com/collections/vendors?q=X%2BQ,
https://www.citiesocial.com/collections/vendors?q=Lemnos,
https://www.citiesocial.com/collections/vendors?q=Mr.marie,
https://www.citiesocial.com/collections/vendors?q=Octavian%20Mielu,
https://www.citiesocial.com/collections/vendors?q=DOIY,
https://www.citiesocial.com/collections/vendors?q=TORRII,
https://www.citiesocial.com/collections/vendors?q=Heng,
https://www.citiesocial.com/collections/vendors?q=Zeller%20Life,
https://www.citiesocial.com/collections/vendors?q=sirius,
https://www.citiesocial.com/collections/vendors?q=Lumio,
https://www.citiesocial.com/collections/vendors?q=Ausblick,
https://www.citiesocial.com/collections/vendors?q=Dreams,
https://www.citiesocial.com/collections/vendors?q=Fred,
https://www.citiesocial.com/collections/vendors?q=%E9%A3%9B%E6%A8%82%20Philo,
https://www.citiesocial.com/collections/vendors?q=shapeLed%C2%AE,
https://www.citiesocial.com/collections/vendors?q=BenQ%C2%AE,
https://www.citiesocial.com/collections/vendors?q=Incipio,
https://www.citiesocial.com/collections/vendors?q=Dr.Light,
https://www.citiesocial.com/collections/vendors?q=2nd%20Shift%20Design%20Co.,
https://www.citiesocial.com/collections/vendors?q=YAMAZAKI,
https://www.citiesocial.com/collections/vendors?q=M%20Cushion,
https://www.citiesocial.com/collections/vendors?q=Mikabarr,
https://www.citiesocial.com/collections/vendors?q=WILD%20AND%20WOLF,
https://www.citiesocial.com/collections/vendors?q=kangaruru,
https://www.citiesocial.com/collections/vendors?q=Go%20Travel,
https://www.citiesocial.com/collections/vendors?q=Pols%20Potten,
https://www.citiesocial.com/collections/vendors?q=Made%20by%20humans,
https://www.citiesocial.com/collections/vendors?q=Lucie%20Kaas,
https://www.citiesocial.com/collections/vendors?q=Amabro%C2%AE,
https://www.citiesocial.com/collections/vendors?q=Pluginz,
https://www.citiesocial.com/collections/vendors?q=trico,
https://www.citiesocial.com/collections/vendors?q=MICRODRY,
https://www.citiesocial.com/collections/vendors?q=HOK,
https://www.citiesocial.com/collections/vendors?q=I%27m%20on%20HOLIDAY,
https://www.citiesocial.com/collections/vendors?q=Cloud%20b,
https://www.citiesocial.com/collections/vendors?q=ALIXX,
https://www.citiesocial.com/collections/vendors?q=Nula%20Soy,
https://www.citiesocial.com/collections/vendors?q=danzo,
https://www.citiesocial.com/collections/vendors?q=Lumir,
https://www.citiesocial.com/collections/vendors?q=Maiden%20Noir,
https://www.citiesocial.com/collections/vendors?q=SunnyLife,
https://www.citiesocial.com/collections/vendors?q=MAN%26WOOD,
https://www.citiesocial.com/collections/vendors?q=kate%20spade%20new%20york,
https://www.citiesocial.com/collections/vendors?q=A%20Little%20Lovely%20Company,
https://www.citiesocial.com/collections/vendors?q=SPEXTRUM,
https://www.citiesocial.com/collections/vendors?q=Sustee,
https://www.citiesocial.com/collections/vendors?q=WOOPAPERS,
https://www.citiesocial.com/collections/vendors?q=TERAMOTO,
https://www.citiesocial.com/collections/vendors?q=AEROLIFE,
https://www.citiesocial.com/collections/vendors?q=QSHION,
https://www.citiesocial.com/collections/vendors?q=CREADYS,
https://www.citiesocial.com/collections/vendors?q=TENDAYS,
https://www.citiesocial.com/collections/vendors?q=soejima,
https://www.citiesocial.com/collections/vendors?q=Spino,
https://www.citiesocial.com/collections/vendors?q=Orwell%20and%20Goode,
https://www.citiesocial.com/collections/vendors?q=Nanum,
https://www.citiesocial.com/collections/vendors?q=fabulous%20goose,
https://www.citiesocial.com/collections/vendors?q=Hoover%C2%AE,
https://www.citiesocial.com/collections/vendors?q=%E6%97%A5%E6%9C%ACTESCOM,
https://www.citiesocial.com/collections/vendors?q=Cuisinart%E7%BE%8E%E8%86%B3%E9%9B%85,
https://www.citiesocial.com/collections/vendors?q=EVERYBOT,
https://www.citiesocial.com/collections/vendors?q=KOIZUMI,
https://www.citiesocial.com/collections/vendors?q=VI%20QUE,
https://www.citiesocial.com/collections/vendors?q=SMF,
https://www.citiesocial.com/collections/vendors?q=cado,
https://www.citiesocial.com/collections/vendors?q=AVIAIR,
https://www.citiesocial.com/collections/vendors?q=Titus%26Wayne,
https://www.citiesocial.com/collections/vendors?q=Beseye,
https://www.citiesocial.com/collections/vendors?q=Toffy,
https://www.citiesocial.com/collections/vendors?q=Toyotomi,
https://www.citiesocial.com/collections/vendors?q=%E6%97%A5%E6%9C%AC%20DOSHISHA,
https://www.citiesocial.com/collections/vendors?q=Haier,
https://www.citiesocial.com/collections/vendors?q=MATRIC,
https://www.citiesocial.com/collections/vendors?q=LUFTRUM,
https://www.citiesocial.com/collections/vendors?q=mamibot,
https://www.citiesocial.com/collections/vendors?q=iiutec,
https://www.citiesocial.com/collections/vendors?q=CCP,
https://www.citiesocial.com/collections/vendors?q=PAPAGO%E8%B6%B4%E8%B6%B4%E8%B5%B0,
https://www.citiesocial.com/collections/vendors?q=Ememe%20Robot,
https://www.citiesocial.com/collections/vendors?q=ZEBOT%20%E6%99%BA%E5%B0%8F%E5%85%94,
https://www.citiesocial.com/collections/vendors?q=VH,
https://www.citiesocial.com/collections/vendors?q=Day%20plus,
https://www.citiesocial.com/collections/vendors?q=Vornado,
https://www.citiesocial.com/collections/vendors?q=i%27SENSE,
https://www.citiesocial.com/collections/vendors?q=ECOVACS,
https://www.citiesocial.com/collections/vendors?q=Balmuda,
https://www.citiesocial.com/collections/vendors?q=FUNY,
https://www.citiesocial.com/collections/vendors?q=IRIS,
https://www.citiesocial.com/collections/vendors?q=KOBOT,
https://www.citiesocial.com/collections/vendors?q=Goodyear,
https://www.citiesocial.com/collections/vendors?q=AIRMATE%C2%AE,
https://www.citiesocial.com/collections/vendors?q=FReLINE,
https://www.citiesocial.com/collections/vendors?q=Gtech,
https://www.citiesocial.com/collections/vendors?q=%C2%B10%20%E6%AD%A3%E8%B2%A0%E9%9B%B6,
https://www.citiesocial.com/collections/vendors?q=MULTEE,
https://www.citiesocial.com/collections/vendors?q=Wellnight,
https://www.citiesocial.com/collections/vendors?q=Digimax,
https://www.citiesocial.com/collections/vendors?q=CUCKOO,
https://www.citiesocial.com/collections/vendors?q=Brise,
https://www.citiesocial.com/collections/vendors?q=Vitantonio,
https://www.citiesocial.com/collections/vendors?q=KAISER%C2%AE,
https://www.citiesocial.com/collections/vendors?q=Hamilton%20Beach,
https://www.citiesocial.com/collections/vendors?q=Nesco,
https://www.citiesocial.com/collections/vendors?q=Sodastream,
https://www.citiesocial.com/collections/vendors?q=Coway,
https://www.citiesocial.com/collections/vendors?q=KitchenAid,
https://www.citiesocial.com/collections/vendors?q=DOSHISHA%C2%AE,
https://www.citiesocial.com/collections/vendors?q=Cooksclub,
https://www.citiesocial.com/collections/vendors?q=Russell%20Hobbs,
https://www.citiesocial.com/collections/vendors?q=Giocoso,
https://www.citiesocial.com/collections/vendors?q=ORVIBO,
https://www.citiesocial.com/collections/vendors?q=Ronco,
https://www.citiesocial.com/collections/vendors?q=Whirlpool%E6%83%A0%E8%80%8C%E6%B5%A6,
https://www.citiesocial.com/collections/vendors?q=camp%20chef,
https://www.citiesocial.com/collections/vendors?q=IWATANI,
https://www.citiesocial.com/collections/vendors?q=QOOCA,
https://www.citiesocial.com/collections/vendors?q=Electrolux%E4%BC%8A%E8%90%8A%E5%85%8B%E6%96%AF,
https://www.citiesocial.com/collections/vendors?q=morphy%20richards,
https://www.citiesocial.com/collections/vendors?q=Yonanas%C2%AE,
https://www.citiesocial.com/collections/vendors?q=Midea,
https://www.citiesocial.com/collections/vendors?q=staresso,
https://www.citiesocial.com/collections/vendors?q=BergHOFF,
https://www.citiesocial.com/collections/vendors?q=CHIMEI%E5%A5%87%E7%BE%8E,
https://www.citiesocial.com/collections/vendors?q=AUX,
https://www.citiesocial.com/collections/vendors?q=MEN%27S%20SOCIETY,
https://www.citiesocial.com/collections/vendors?q=Instyler,
https://www.citiesocial.com/collections/vendors?q=IZUMI,
https://www.citiesocial.com/collections/vendors?q=UNIX,
https://www.citiesocial.com/collections/vendors?q=Valera,
https://www.citiesocial.com/collections/vendors?q=Super%20Million%20Hair,
https://www.citiesocial.com/collections/vendors?q=V76,
https://www.citiesocial.com/collections/vendors?q=danalock,
https://www.citiesocial.com/collections/vendors?q=VIVATEC,
https://www.citiesocial.com/collections/vendors?q=Vitaway,
https://www.citiesocial.com/collections/vendors?q=Amaryllo,
https://www.citiesocial.com/collections/vendors?q=Bissell,
https://www.citiesocial.com/collections/vendors?q=JiiOrbit,
https://www.citiesocial.com/collections/vendors?q=noblechairs,
https://www.citiesocial.com/collections/vendors?q=CODYSON,
https://www.citiesocial.com/collections/vendors?q=Vacuvita,
https://www.citiesocial.com/collections/vendors?q=Stander,
https://www.citiesocial.com/collections/vendors?q=ENBOW,
https://www.citiesocial.com/collections/vendors?q=Evapolar,
https://www.citiesocial.com/collections/vendors?q=Culer,
https://www.citiesocial.com/collections/vendors?q=Deep,
https://www.citiesocial.com/collections/vendors?q=SAMPO%E8%81%B2%E5%AF%B6,
https://www.citiesocial.com/collections/vendors?q=rephorm,
https://www.citiesocial.com/collections/vendors?q=SANWA,
https://www.citiesocial.com/collections/vendors?q=MONITORMATE,
https://www.citiesocial.com/collections/vendors?q=Rainbow%20eye,
https://www.citiesocial.com/collections/vendors?q=RayCop,
https://www.citiesocial.com/collections/vendors?q=viithe,
https://www.citiesocial.com/collections/vendors?q=Design%20Letters,
https://www.citiesocial.com/collections/vendors?q=Bluelounge,
https://www.citiesocial.com/collections/vendors?q=BRABANTIA,
https://www.citiesocial.com/collections/vendors?q=KOPLUS,
https://www.citiesocial.com/collections/vendors?q=Trust%20Care,
https://www.citiesocial.com/collections/vendors?q=DOCTOR%20AIR,
https://www.citiesocial.com/collections/vendors?q=FUDOGIKEN,
https://www.citiesocial.com/collections/vendors?q=NuRIE,
https://www.citiesocial.com/collections/vendors?q=AZUMAYA,
https://www.citiesocial.com/collections/vendors?q=Aro%20artlander,
https://www.citiesocial.com/collections/vendors?q=pippi%20%26%20poppo,
https://www.citiesocial.com/collections/vendors?q=pillove,
https://www.citiesocial.com/collections/vendors?q=BBL%20Premium,
https://www.citiesocial.com/collections/vendors?q=%E3%81%BE%E3%81%8F%E3%82%89,
https://www.citiesocial.com/collections/vendors?q=%E4%BA%AC%E9%83%BD%E8%A5%BF%E5%B7%9D,
https://www.citiesocial.com/collections/vendors?q=HOMEDICS%C2%AE,
https://www.citiesocial.com/collections/vendors?q=SHF,
https://www.citiesocial.com/collections/vendors?q=airweave,
https://www.citiesocial.com/collections/vendors?q=MIMI%27lou,
https://www.citiesocial.com/collections/vendors?q=Sleepion,
https://www.citiesocial.com/collections/vendors?q=VENEX,
https://www.citiesocial.com/collections/vendors?q=done%20by%20deer,
https://www.citiesocial.com/collections/vendors?q=Dr.%20Beckmann,
https://www.citiesocial.com/collections/vendors?q=LEGO,
https://www.citiesocial.com/collections/vendors?q=infoThink,
https://www.citiesocial.com/collections/vendors?q=Silikomart,
https://www.citiesocial.com/collections/vendors?q=58%20products,
https://www.citiesocial.com/collections/vendors?q=sunart,
https://www.citiesocial.com/collections/vendors?q=Yimono,
https://www.citiesocial.com/collections/vendors?q=JIA%C2%AE,
https://www.citiesocial.com/collections/vendors?q=KUPILKA,
https://www.citiesocial.com/collections/vendors?q=Wiltshire,
https://www.citiesocial.com/collections/vendors?q=JOYYE,
https://www.citiesocial.com/collections/vendors?q=Ovject,
https://www.citiesocial.com/collections/vendors?q=Victoria%20Eggs,
https://www.citiesocial.com/collections/vendors?q=BeBe-Style,
https://www.citiesocial.com/collections/vendors?q=EATWELL,
https://www.citiesocial.com/collections/vendors?q=e-my,
https://www.citiesocial.com/collections/vendors?q=%E8%A5%BF%E6%B5%B7%E9%99%B6%E5%99%A8,
https://www.citiesocial.com/collections/vendors?q=GIVENCHY,
https://www.citiesocial.com/collections/vendors?q=Dodow,
https://www.citiesocial.com/collections/vendors?q=Broome,
https://www.citiesocial.com/collections/vendors?q=SammiOvencook,
https://www.citiesocial.com/collections/vendors?q=KNIndustrie,
https://www.citiesocial.com/collections/vendors?q=VitaCraft,
https://www.citiesocial.com/collections/vendors?q=Vargo,
https://www.citiesocial.com/collections/vendors?q=Blissio,
https://www.citiesocial.com/collections/vendors?q=Leaf%20Republic,
https://www.citiesocial.com/collections/vendors?q=Ginpo,
https://www.citiesocial.com/collections/vendors?q=Belmont,
https://www.citiesocial.com/collections/vendors?q=hokua,
https://www.citiesocial.com/collections/vendors?q=deBuyer,
https://www.citiesocial.com/collections/vendors?q=Chasseur,
https://www.citiesocial.com/collections/vendors?q=%E7%94%B0%E9%82%8A%E9%87%91%E5%85%B7,
https://www.citiesocial.com/collections/vendors?q=Furi,
https://www.citiesocial.com/collections/vendors?q=mere%20pere,
https://www.citiesocial.com/collections/vendors?q=Epicurean,
https://www.citiesocial.com/collections/vendors?q=Livington%20Hanzou,
https://www.citiesocial.com/collections/vendors?q=%E7%AB%B9%E5%85%A7%E5%BF%AB%E9%80%9F%E9%8B%B8,
https://www.citiesocial.com/collections/vendors?q=Rice%20Ware,
https://www.citiesocial.com/collections/vendors?q=THAT%21,
https://www.citiesocial.com/collections/vendors?q=%E9%AB%98%E6%9C%A8%E9%87%91%E5%B1%AC,
https://www.citiesocial.com/collections/vendors?q=Peel%20Appeal,
https://www.citiesocial.com/collections/vendors?q=KIHARA,
https://www.citiesocial.com/collections/vendors?q=%E3%83%81%E3%83%A7%E3%82%A4%E3%82%80%E3%81%8D-smart,
https://www.citiesocial.com/collections/vendors?q=FD%20Style,
https://www.citiesocial.com/collections/vendors?q=ELECLEAN,
https://www.citiesocial.com/collections/vendors?q=YILI,
https://www.citiesocial.com/collections/vendors?q=BKF,
https://www.citiesocial.com/collections/vendors?q=%E3%82%A6%E3%82%BF%E3%83%9E%E3%83%AD%20utamaro,
https://www.citiesocial.com/collections/vendors?q=Relove,
https://www.citiesocial.com/collections/vendors?q=SweetThing,
https://www.citiesocial.com/collections/vendors?q=La%20Cocotte%20Paris,
https://www.citiesocial.com/collections/vendors?q=TOMIOKA,
https://www.citiesocial.com/collections/vendors?q=%E7%BE%8E%E7%94%9F%E8%B2%9D%E6%A8%82%20Maison%20Belle,
https://www.citiesocial.com/collections/vendors?q=ShopChaMuch,
https://www.citiesocial.com/collections/vendors?q=Belle%20Plume,
https://www.citiesocial.com/collections/vendors?q=Rocket,
https://www.citiesocial.com/collections/vendors?q=eatsleepdoodle,
https://www.citiesocial.com/collections/vendors?q=Sinkboss,
https://www.citiesocial.com/collections/vendors?q=winox,
https://www.citiesocial.com/collections/vendors?q=Ecowell,
https://www.citiesocial.com/collections/vendors?q=3M%C2%AE,
https://www.citiesocial.com/collections/vendors?q=Ankomn,
https://www.citiesocial.com/collections/vendors?q=FoodSaver,
https://www.citiesocial.com/collections/vendors?q=%E5%AF%8C%E5%A3%AB%E5%95%86,
https://www.citiesocial.com/collections/vendors?q=OGG,
https://www.citiesocial.com/collections/vendors?q=MIX,
https://www.citiesocial.com/collections/vendors?q=Soil,
https://www.citiesocial.com/collections/vendors?q=Mortier%20Pilon,
https://www.citiesocial.com/collections/vendors?q=OMMO%C2%AE,
https://www.citiesocial.com/collections/vendors?q=Vermicular,
https://www.citiesocial.com/collections/vendors?q=Super%20Solution,
https://www.citiesocial.com/collections/vendors?q=YOKOZUNA%20CREATION,
https://www.citiesocial.com/collections/vendors?q=Grout%20Gator,
https://www.citiesocial.com/collections/vendors?q=Unique%20Art,
https://www.citiesocial.com/collections/vendors?q=Morris%20%26%20Co,
https://www.citiesocial.com/collections/vendors?q=PRIME,
https://www.citiesocial.com/collections/vendors?q=%5B%20comfort%20zone%20%5D,
https://www.citiesocial.com/collections/vendors?q=%C3%82GE%20D%27OR,
https://www.citiesocial.com/collections/vendors?q=Goldshield%C2%AE,
https://www.citiesocial.com/collections/vendors?q=takagi,
https://www.citiesocial.com/collections/vendors?q=Josh%20Rosebrook,
https://www.citiesocial.com/collections/vendors?q=TOOLETRIES,
https://www.citiesocial.com/collections/vendors?q=%E6%A9%8B%E7%88%AA%E5%95%86%E5%BA%97,
https://www.citiesocial.com/collections/vendors?q=Ninestars%C2%AE,
https://www.citiesocial.com/collections/vendors?q=WESCO,
https://www.citiesocial.com/collections/vendors?q=chihong,
https://www.citiesocial.com/collections/vendors?q=GeckoDesign,
https://www.citiesocial.com/collections/vendors?q=WERKHAUS,
https://www.citiesocial.com/collections/vendors?q=%2Bd,
https://www.citiesocial.com/collections/vendors?q=Shrug%20Design,
https://www.citiesocial.com/collections/vendors?q=Radius,
https://www.citiesocial.com/collections/vendors?q=%E7%99%BD%E9%9B%AARINKA,
https://www.citiesocial.com/collections/vendors?q=%E6%97%A5%E6%9C%ACMISOKA,
https://www.citiesocial.com/collections/vendors?q=Li-ZEY,
https://www.citiesocial.com/collections/vendors?q=Wonder%20Sonic,
https://www.citiesocial.com/collections/vendors?q=Merkur,
https://www.citiesocial.com/collections/vendors?q=EKO,
https://www.citiesocial.com/collections/vendors?q=PERIGOT,
https://www.citiesocial.com/collections/vendors?q=DeHUB,
https://www.citiesocial.com/collections/vendors?q=3%20sprouts,
https://www.citiesocial.com/collections/vendors?q=ITAI,
https://www.citiesocial.com/collections/vendors?q=Monkey%20Business,
https://www.citiesocial.com/collections/vendors?q=Poo%7EPourri,
https://www.citiesocial.com/collections/vendors?q=Tendercare,
https://www.citiesocial.com/collections/vendors?q=UB%E8%B6%B3%E5%BF%AB%E3%83%90%E3%82%B9%E3%83%9E%E3%83%83%E3%83%88,
https://www.citiesocial.com/collections/vendors?q=NPW,
https://www.citiesocial.com/collections/vendors?q=HIRO,
https://www.citiesocial.com/collections/vendors?q=TURBO,
https://www.citiesocial.com/collections/vendors?q=SANEI,
https://www.citiesocial.com/collections/vendors?q=%E4%B8%B8%E7%9C%9F,
https://www.citiesocial.com/collections/vendors?q=Home%20Inspirations,
https://www.citiesocial.com/collections/vendors?q=Mustard,
https://www.citiesocial.com/collections/vendors?q=NPW%C2%AE,
https://www.citiesocial.com/collections/vendors?q=%E9%AB%98%E6%A1%91%E7%90%BA%E7%91%AF,
https://www.citiesocial.com/collections/vendors?q=Truvii,
https://www.citiesocial.com/collections/vendors?q=iLoveGlass,
https://www.citiesocial.com/collections/vendors?q=NACHTMANN,
https://www.citiesocial.com/collections/vendors?q=TMT1914,
https://www.citiesocial.com/collections/vendors?q=BLACHOICE,
https://www.citiesocial.com/collections/vendors?q=GOVINO,
https://www.citiesocial.com/collections/vendors?q=thermo%20mug,
https://www.citiesocial.com/collections/vendors?q=Trimr%C2%AE,
https://www.citiesocial.com/collections/vendors?q=%E5%90%B8%E5%A5%87,
https://www.citiesocial.com/collections/vendors?q=RBT,
https://www.citiesocial.com/collections/vendors?q=MOUS%E2%84%A2,
https://www.citiesocial.com/collections/vendors?q=Nine%20Ware,
https://www.citiesocial.com/collections/vendors?q=SpillNot,
https://www.citiesocial.com/collections/vendors?q=Shtox,
https://www.citiesocial.com/collections/vendors?q=Labyrinth%20BCN,
https://www.citiesocial.com/collections/vendors?q=Ecoffee%20Cup,
https://www.citiesocial.com/collections/vendors?q=CORKCICLE,
https://www.citiesocial.com/collections/vendors?q=neolid,
https://www.citiesocial.com/collections/vendors?q=Rabbit,
https://www.citiesocial.com/collections/vendors?q=PO%20%3A,
https://www.citiesocial.com/collections/vendors?q=8Cups,
https://www.citiesocial.com/collections/vendors?q=HYDY,
https://www.citiesocial.com/collections/vendors?q=dopper,
https://www.citiesocial.com/collections/vendors?q=HYDAWAY%C2%AE,
https://www.citiesocial.com/collections/vendors?q=Que,
https://www.citiesocial.com/collections/vendors?q=VITDAM,
https://www.citiesocial.com/collections/vendors?q=Active%20Intelligence,
https://www.citiesocial.com/collections/vendors?q=%E5%A5%BD%E7%8E%BBGOODGLAS,
https://www.citiesocial.com/collections/vendors?q=VAGNBYS,
https://www.citiesocial.com/collections/vendors?q=Full%20Circle,
https://www.citiesocial.com/collections/vendors?q=Glasstic,
https://www.citiesocial.com/collections/vendors?q=OKO,
https://www.citiesocial.com/collections/vendors?q=WENGER,
https://www.citiesocial.com/collections/vendors?q=meshbottles,
https://www.citiesocial.com/collections/vendors?q=2WAY%20BOTTLE,
https://www.citiesocial.com/collections/vendors?q=OSICHEF,
https://www.citiesocial.com/collections/vendors?q=FELLOW,
https://www.citiesocial.com/collections/vendors?q=Magisso,
https://www.citiesocial.com/collections/vendors?q=3%2Cco,
https://www.citiesocial.com/collections/vendors?q=Healthy%20Human,
https://www.citiesocial.com/collections/vendors?q=NexTool,
https://www.citiesocial.com/collections/vendors?q=CamelBak,
https://www.citiesocial.com/collections/vendors?q=Fuelshaker,
https://www.citiesocial.com/collections/vendors?q=Retap,
https://www.citiesocial.com/collections/vendors?q=TIFFANY%20%26%20CO.,
https://www.citiesocial.com/collections/vendors?q=224%20Porcelain,
https://www.citiesocial.com/collections/vendors?q=Woo%20Collective,
https://www.citiesocial.com/collections/vendors?q=POLAR%20ICE,
https://www.citiesocial.com/collections/vendors?q=Spiegelau%C2%AE,
https://www.citiesocial.com/collections/vendors?q=aeroStone,
https://www.citiesocial.com/collections/vendors?q=Libert%C3%A9%20Design,
https://www.citiesocial.com/collections/vendors?q=Quirky,
https://www.citiesocial.com/collections/vendors?q=AP%C3%89RO,
https://www.citiesocial.com/collections/vendors?q=Wacky%20Practicals,
https://www.citiesocial.com/collections/vendors?q=W%26P%20Design,
https://www.citiesocial.com/collections/vendors?q=WineOvation,
https://www.citiesocial.com/collections/vendors?q=OAKBOTTLE%20TW,
https://www.citiesocial.com/collections/vendors?q=KANARI,
https://www.citiesocial.com/collections/vendors?q=SpinChill,
https://www.citiesocial.com/collections/vendors?q=GREEN%20HOUSE,
https://www.citiesocial.com/collections/vendors?q=Palm,
https://www.citiesocial.com/collections/vendors?q=Technivorm%20Moccamaster,
https://www.citiesocial.com/collections/vendors?q=WACACO,
https://www.citiesocial.com/collections/vendors?q=Handpresso,
https://www.citiesocial.com/collections/vendors?q=presse%20by%20bobble,
https://www.citiesocial.com/collections/vendors?q=Hured,
https://www.citiesocial.com/collections/vendors?q=Kalita,
https://www.citiesocial.com/collections/vendors?q=Ay%20Kasa,
https://www.citiesocial.com/collections/vendors?q=CW,
https://www.citiesocial.com/collections/vendors?q=gosh%21,
https://www.citiesocial.com/collections/vendors?q=DRIP-U,
https://www.citiesocial.com/collections/vendors?q=Nemoya,
https://www.citiesocial.com/collections/vendors?q=Ewbank,
https://www.citiesocial.com/collections/vendors?q=%E7%B6%AD%E7%94%9F%E6%A8%B9%E5%9A%B4%E9%81%B8,
https://www.citiesocial.com/collections/vendors?q=Cleverin%E5%8A%A0%E8%AD%B7%E9%9D%88,
https://www.citiesocial.com/collections/vendors?q=Wonder%20Weave,
https://www.citiesocial.com/collections/vendors?q=e-cloth,
https://www.citiesocial.com/collections/vendors?q=nanoclo2,
https://www.citiesocial.com/collections/vendors?q=Crep%20Protect,
https://www.citiesocial.com/collections/vendors?q=TOWA%E6%9D%B1%E5%92%8C%E7%94%A2%E6%A5%AD,
https://www.citiesocial.com/collections/vendors?q=HARUEN,
https://www.citiesocial.com/collections/vendors?q=250%20Design,
https://www.citiesocial.com/collections/vendors?q=%E7%82%AD%E8%8D%89%E8%8A%B1,
https://www.citiesocial.com/collections/vendors?q=jaMo%20Threads,
https://www.citiesocial.com/collections/vendors?q=Nasal%20Filters,
https://www.citiesocial.com/collections/vendors?q=Reshoevn8r,
https://www.citiesocial.com/collections/vendors?q=%E6%A5%B5%E7%99%BD,
https://www.citiesocial.com/collections/vendors?q=Geovision,
https://www.citiesocial.com/collections/vendors?q=G2T%C2%AE,
https://www.citiesocial.com/collections/vendors?q=Stretch,
https://www.citiesocial.com/collections/vendors?q=BIO,
https://www.citiesocial.com/collections/vendors?q=DUALSAW,
https://www.citiesocial.com/collections/vendors?q=FLEX%20SEAL,
https://www.citiesocial.com/collections/vendors?q=mininch%C2%AE,
https://www.citiesocial.com/collections/vendors?q=Gleener%C2%AE,
https://www.citiesocial.com/collections/vendors?q=Hasegawa,
https://www.citiesocial.com/collections/vendors?q=BLUFIXX,
https://www.citiesocial.com/collections/vendors?q=dalli,
https://www.citiesocial.com/collections/vendors?q=Nippon%20Seal,
https://www.citiesocial.com/collections/vendors?q=RinseKit,
https://www.citiesocial.com/collections/vendors?q=%E7%B6%A0%E6%A5%B5%E6%B7%A8RenoGreen,
https://www.citiesocial.com/collections/vendors?q=BRICKY,
https://www.citiesocial.com/collections/vendors?q=shu%20shu,
https://www.citiesocial.com/collections/vendors?q=Hailo,
https://www.citiesocial.com/collections/vendors?q=ENGINEER,
https://www.citiesocial.com/collections/vendors?q=United%20Object,
https://www.citiesocial.com/collections/vendors?q=SONY,
https://www.citiesocial.com/collections/vendors?q=Goodmans,
https://www.citiesocial.com/collections/vendors?q=XROUND,
https://www.citiesocial.com/collections/vendors?q=hi%20Beker,
https://www.citiesocial.com/collections/vendors?q=Marshall%20Headphones,
https://www.citiesocial.com/collections/vendors?q=Geneva,
https://www.citiesocial.com/collections/vendors?q=X-mini,
https://www.citiesocial.com/collections/vendors?q=McGee,
https://www.citiesocial.com/collections/vendors?q=minfort,
https://www.citiesocial.com/collections/vendors?q=Lifetrons,
https://www.citiesocial.com/collections/vendors?q=Cambridge%20Audio,
https://www.citiesocial.com/collections/vendors?q=VERB%C2%AE,
https://www.citiesocial.com/collections/vendors?q=AMO,
https://www.citiesocial.com/collections/vendors?q=TOSHIBA,
https://www.citiesocial.com/collections/vendors?q=hoomia,
https://www.citiesocial.com/collections/vendors?q=Asta,
https://www.citiesocial.com/collections/vendors?q=NOON,
https://www.citiesocial.com/collections/vendors?q=FiberFix,
https://www.citiesocial.com/collections/vendors?q=PROBOX,
https://www.citiesocial.com/collections/vendors?q=JBL,
https://www.citiesocial.com/collections/vendors?q=OAXIS%C2%AE,
https://www.citiesocial.com/collections/vendors?q=House%20of%20Marley,
https://www.citiesocial.com/collections/vendors?q=B%26W,
https://www.citiesocial.com/collections/vendors?q=Harman%2FKardon,
https://www.citiesocial.com/collections/vendors?q=VIFA,
https://www.citiesocial.com/collections/vendors?q=Caudabe%C2%AE,
https://www.citiesocial.com/collections/vendors?q=WETHERBY,
https://www.citiesocial.com/collections/vendors?q=Tomtoc,
https://www.citiesocial.com/collections/vendors?q=Wood%27d,
https://www.citiesocial.com/collections/vendors?q=recci,
https://www.citiesocial.com/collections/vendors?q=iface,
https://www.citiesocial.com/collections/vendors?q=MIGGO,
https://www.citiesocial.com/collections/vendors?q=AAUXX,
https://www.citiesocial.com/collections/vendors?q=MOUS,
https://www.citiesocial.com/collections/vendors?q=flashcase,
https://www.citiesocial.com/collections/vendors?q=Benks,
https://www.citiesocial.com/collections/vendors?q=iDeal%20Of%20Sweden,
https://www.citiesocial.com/collections/vendors?q=Madotta,
https://www.citiesocial.com/collections/vendors?q=%E4%BF%AC%E5%93%81%E5%89%B5%E6%84%8F,
https://www.citiesocial.com/collections/vendors?q=CAVAS,
https://www.citiesocial.com/collections/vendors?q=Case-Mate,
https://www.citiesocial.com/collections/vendors?q=Spigen%20SGP,
https://www.citiesocial.com/collections/vendors?q=Matchnine,
https://www.citiesocial.com/collections/vendors?q=Element%20Case,
https://www.citiesocial.com/collections/vendors?q=EnergieMAX,
https://www.citiesocial.com/collections/vendors?q=ASAP,
https://www.citiesocial.com/collections/vendors?q=WonderCube,
https://www.citiesocial.com/collections/vendors?q=STROMR,
https://www.citiesocial.com/collections/vendors?q=The%20Nipper,
https://www.citiesocial.com/collections/vendors?q=POWER%20SUPPORT,
https://www.citiesocial.com/collections/vendors?q=Hyperdrive,
https://www.citiesocial.com/collections/vendors?q=TYLT,
https://www.citiesocial.com/collections/vendors?q=ZISION%20X%20IDMIX,
https://www.citiesocial.com/collections/vendors?q=Griffin,
https://www.citiesocial.com/collections/vendors?q=PhotoFast,
https://www.citiesocial.com/collections/vendors?q=Bluestein,
https://www.citiesocial.com/collections/vendors?q=Magneto,
https://www.citiesocial.com/collections/vendors?q=Rigiet,
https://www.citiesocial.com/collections/vendors?q=Boogie%20Board,
https://www.citiesocial.com/collections/vendors?q=Wisekids,
https://www.citiesocial.com/collections/vendors?q=WowFixit,
https://www.citiesocial.com/collections/vendors?q=paperang,
https://www.citiesocial.com/collections/vendors?q=ABSOLUTE%C2%AE,
https://www.citiesocial.com/collections/vendors?q=QQC,
https://www.citiesocial.com/collections/vendors?q=POPSOCKETS,
https://www.citiesocial.com/collections/vendors?q=Kitpas,
https://www.citiesocial.com/collections/vendors?q=WHOOSH%21,
https://www.citiesocial.com/collections/vendors?q=Snoppa,
https://www.citiesocial.com/collections/vendors?q=wonew,
https://www.citiesocial.com/collections/vendors?q=WEWOW,
https://www.citiesocial.com/collections/vendors?q=PANOCAT,
https://www.citiesocial.com/collections/vendors?q=Vimble%20S,
https://www.citiesocial.com/collections/vendors?q=Olloclip,
https://www.citiesocial.com/collections/vendors?q=OOWA,
https://www.citiesocial.com/collections/vendors?q=Eye-Plug,
https://www.citiesocial.com/collections/vendors?q=Easy-Macro,
https://www.citiesocial.com/collections/vendors?q=Rolling-Ave.,
https://www.citiesocial.com/collections/vendors?q=NeoLAB,
https://www.citiesocial.com/collections/vendors?q=STORYLEATHER,
https://www.citiesocial.com/collections/vendors?q=Adonit,
https://www.citiesocial.com/collections/vendors?q=WiWU,
https://www.citiesocial.com/collections/vendors?q=Project%20air,
https://www.citiesocial.com/collections/vendors?q=%E5%8C%97%E6%98%9F%E9%89%9B%E7%AD%86%E6%A0%AA%E5%BC%8F%E4%BC%9A%E7%A4%BE,
https://www.citiesocial.com/collections/vendors?q=KODAK,
https://www.citiesocial.com/collections/vendors?q=PanzerGlass,
https://www.citiesocial.com/collections/vendors?q=Power%20Support%C2%AE,
https://www.citiesocial.com/collections/vendors?q=STM,
https://www.citiesocial.com/collections/vendors?q=Alto,
https://www.citiesocial.com/collections/vendors?q=RAWROW,
https://www.citiesocial.com/collections/vendors?q=Walco,
https://www.citiesocial.com/collections/vendors?q=TAKEWAY,
https://www.citiesocial.com/collections/vendors?q=TUCANO,
https://www.citiesocial.com/collections/vendors?q=Camino,
https://www.citiesocial.com/collections/vendors?q=WOORIN,
https://www.citiesocial.com/collections/vendors?q=nanofixit,
https://www.citiesocial.com/collections/vendors?q=anidees,
https://www.citiesocial.com/collections/vendors?q=Matter%20Lab,
https://www.citiesocial.com/collections/vendors?q=Cozistyle,
https://www.citiesocial.com/collections/vendors?q=THULE,
https://www.citiesocial.com/collections/vendors?q=Nums%E2%84%A2,
https://www.citiesocial.com/collections/vendors?q=AIRBAR,
https://www.citiesocial.com/collections/vendors?q=Tabletote,
https://www.citiesocial.com/collections/vendors?q=ChatLight,
https://www.citiesocial.com/collections/vendors?q=Serafim,
https://www.citiesocial.com/collections/vendors?q=Swiftpoint,
https://www.citiesocial.com/collections/vendors?q=Pallo,
https://www.citiesocial.com/collections/vendors?q=takus,
https://www.citiesocial.com/collections/vendors?q=%E6%9C%A8%E5%85%A5%E4%B8%89%E5%88%86,
https://www.citiesocial.com/collections/vendors?q=FLUX,
https://www.citiesocial.com/collections/vendors?q=Blue,
https://www.citiesocial.com/collections/vendors?q=bobino,
https://www.citiesocial.com/collections/vendors?q=D-Link,
https://www.citiesocial.com/collections/vendors?q=NextDrive,
https://www.citiesocial.com/collections/vendors?q=RICOH,
https://www.citiesocial.com/collections/vendors?q=Insta360,
https://www.citiesocial.com/collections/vendors?q=Manfrotto,
https://www.citiesocial.com/collections/vendors?q=SwimmingFly,
https://www.citiesocial.com/collections/vendors?q=MOFILY,
https://www.citiesocial.com/collections/vendors?q=Riseful,
https://www.citiesocial.com/collections/vendors?q=VENQUE,
https://www.citiesocial.com/collections/vendors?q=GOLLA,
https://www.citiesocial.com/collections/vendors?q=Intuitive-Cube,
https://www.citiesocial.com/collections/vendors?q=PONTE%20Leather%20Co.,
https://www.citiesocial.com/collections/vendors?q=monowear,
https://www.citiesocial.com/collections/vendors?q=Fitbit,
https://www.citiesocial.com/collections/vendors?q=Zens,
https://www.citiesocial.com/collections/vendors?q=Prynt%C2%AE,
https://www.citiesocial.com/collections/vendors?q=Birdie,
https://www.citiesocial.com/collections/vendors?q=G2T,
https://www.citiesocial.com/collections/vendors?q=Urbanears,
https://www.citiesocial.com/collections/vendors?q=Happy%20Plugs,
https://www.citiesocial.com/collections/vendors?q=1MORE,
https://www.citiesocial.com/collections/vendors?q=AfterShokz,
https://www.citiesocial.com/collections/vendors?q=MOOY,
https://www.citiesocial.com/collections/vendors?q=TANGLESS,
https://www.citiesocial.com/collections/vendors?q=Vacii,
https://www.citiesocial.com/collections/vendors?q=RHA,
https://www.citiesocial.com/collections/vendors?q=NUFORCE,
https://www.citiesocial.com/collections/vendors?q=MEE%20audio,
https://www.citiesocial.com/collections/vendors?q=Purdio,
https://www.citiesocial.com/collections/vendors?q=Creative,
https://www.citiesocial.com/collections/vendors?q=MAS,
https://www.citiesocial.com/collections/vendors?q=audio-technica%20%E9%90%B5%E4%B8%89%E8%A7%92,
https://www.citiesocial.com/collections/vendors?q=Sol%20Republic,
https://www.citiesocial.com/collections/vendors?q=Sudio,
https://www.citiesocial.com/collections/vendors?q=Partron,
https://www.citiesocial.com/collections/vendors?q=JLAB,
https://www.citiesocial.com/collections/vendors?q=coloud,
https://www.citiesocial.com/collections/vendors?q=Sleepphones,
https://www.citiesocial.com/collections/vendors?q=TreAsia,
https://www.citiesocial.com/collections/vendors?q=Yevo,
https://www.citiesocial.com/collections/vendors?q=BOROFONE,
https://www.citiesocial.com/collections/vendors?q=ERATO,
https://www.citiesocial.com/collections/vendors?q=Luci%C2%AE,
https://www.citiesocial.com/collections/vendors?q=Allocacoc,
https://www.citiesocial.com/collections/vendors?q=CHANNEL%20WELL,
https://www.citiesocial.com/collections/vendors?q=YOLK,
https://www.citiesocial.com/collections/vendors?q=Luci,
https://www.citiesocial.com/collections/vendors?q=STUDIO%20BANANA%20THiNGS,
https://www.citiesocial.com/collections/vendors?q=Taimat,
https://www.citiesocial.com/collections/vendors?q=Suolo,
https://www.citiesocial.com/collections/vendors?q=Wonder%20Baggage,
https://www.citiesocial.com/collections/vendors?q=cledran,
https://www.citiesocial.com/collections/vendors?q=Stewart%2FStand%C2%AE,
https://www.citiesocial.com/collections/vendors?q=SKAGEN,
https://www.citiesocial.com/collections/vendors?q=EYEXGIRL,
https://www.citiesocial.com/collections/vendors?q=MountainSmith,
https://www.citiesocial.com/collections/vendors?q=Timbuk2,
https://www.citiesocial.com/collections/vendors?q=H%EF%B9%92A%EF%B9%92N%EF%B9%92D,
https://www.citiesocial.com/collections/vendors?q=essent%27ial,
https://www.citiesocial.com/collections/vendors?q=National%20Geographic,
https://www.citiesocial.com/collections/vendors?q=keecie,
https://www.citiesocial.com/collections/vendors?q=Eshena,
https://www.citiesocial.com/collections/vendors?q=PONYO%20PORCO,
https://www.citiesocial.com/collections/vendors?q=FLUF,
https://www.citiesocial.com/collections/vendors?q=Georg%20Jensen,
https://www.citiesocial.com/collections/vendors?q=Heimplanet,
https://www.citiesocial.com/collections/vendors?q=LOQI,
https://www.citiesocial.com/collections/vendors?q=Famica,
https://www.citiesocial.com/collections/vendors?q=COCORO,
https://www.citiesocial.com/collections/vendors?q=UpCart,
https://www.citiesocial.com/collections/vendors?q=Prairie%20Dog,
https://www.citiesocial.com/collections/vendors?q=BG%20Berlin,
https://www.citiesocial.com/collections/vendors?q=murmur%C2%AE,
https://www.citiesocial.com/collections/vendors?q=UNIKIA%E2%84%A2,
https://www.citiesocial.com/collections/vendors?q=X.NANA,
https://www.citiesocial.com/collections/vendors?q=Alphax,
https://www.citiesocial.com/collections/vendors?q=TRETORN,
https://www.citiesocial.com/collections/vendors?q=People%20Footwear,
https://www.citiesocial.com/collections/vendors?q=FitKicks,
https://www.citiesocial.com/collections/vendors?q=HICKIES%C2%AE,
https://www.citiesocial.com/collections/vendors?q=Zubits,
https://www.citiesocial.com/collections/vendors?q=NINE%20TO%20SIX,
https://www.citiesocial.com/collections/vendors?q=allocacoc%C2%AE,
https://www.citiesocial.com/collections/vendors?q=Vejrh%C3%B8j%C2%AE,
https://www.citiesocial.com/collections/vendors?q=Ally%20Denovo,
https://www.citiesocial.com/collections/vendors?q=BOMBERG,
https://www.citiesocial.com/collections/vendors?q=Klokers,
https://www.citiesocial.com/collections/vendors?q=ZOOM,
https://www.citiesocial.com/collections/vendors?q=Kerbholz,
https://www.citiesocial.com/collections/vendors?q=SEVENFRIDAY,
https://www.citiesocial.com/collections/vendors?q=Obag,
https://www.citiesocial.com/collections/vendors?q=MANFRED%20CRACCO,
https://www.citiesocial.com/collections/vendors?q=MOISMONT,
https://www.citiesocial.com/collections/vendors?q=BUFF%C2%AE,
https://www.citiesocial.com/collections/vendors?q=SHOKAY,
https://www.citiesocial.com/collections/vendors?q=Suck%20UK,
https://www.citiesocial.com/collections/vendors?q=SoiLL,
https://www.citiesocial.com/collections/vendors?q=TrueREVO,
https://www.citiesocial.com/collections/vendors?q=PROVIZ,
https://www.citiesocial.com/collections/vendors?q=ImseVimse,
https://www.citiesocial.com/collections/vendors?q=2UNDR,
https://www.citiesocial.com/collections/vendors?q=erlich%20textil,
https://www.citiesocial.com/collections/vendors?q=PROJEKT%20PRODUKT,
https://www.citiesocial.com/collections/vendors?q=FENZ,
https://www.citiesocial.com/collections/vendors?q=SHUZI%E2%84%A2,
https://www.citiesocial.com/collections/vendors?q=Dogeared,
https://www.citiesocial.com/collections/vendors?q=RECOVERY,
https://www.citiesocial.com/collections/vendors?q=D%20for%20Dottie,
https://www.citiesocial.com/collections/vendors?q=Sweaty%20Bands,
https://www.citiesocial.com/collections/vendors?q=Moissue,
https://www.citiesocial.com/collections/vendors?q=Napkin,
https://www.citiesocial.com/collections/vendors?q=Inkbox,
https://www.citiesocial.com/collections/vendors?q=flash%20tattoos,
https://www.citiesocial.com/collections/vendors?q=Bomber%20%26%20Company,
https://www.citiesocial.com/collections/vendors?q=air%2B,
https://www.citiesocial.com/collections/vendors?q=RESSO,
https://www.citiesocial.com/collections/vendors?q=BECORE,
https://www.citiesocial.com/collections/vendors?q=NORMO,
https://www.citiesocial.com/collections/vendors?q=PAVIDEN,
https://www.citiesocial.com/collections/vendors?q=Stacey%20Wang%20Leather%20Goods,
https://www.citiesocial.com/collections/vendors?q=Wurkin%20Stiffs,
https://www.citiesocial.com/collections/vendors?q=Heidi%20Klum,
https://www.citiesocial.com/collections/vendors?q=Knix%20Wear,
https://www.citiesocial.com/collections/vendors?q=Cufflinks%20Inc,
https://www.citiesocial.com/collections/vendors?q=Orbitkey.,
https://www.citiesocial.com/collections/vendors?q=TobaCase,
https://www.citiesocial.com/collections/vendors?q=Zippo,
https://www.citiesocial.com/collections/vendors?q=%E8%82%A5%E5%BE%8C%E5%AE%88,
https://www.citiesocial.com/collections/vendors?q=ArtiFex,
https://www.citiesocial.com/collections/vendors?q=LOVE%20HANDLE,
https://www.citiesocial.com/collections/vendors?q=TrackR,
https://www.citiesocial.com/collections/vendors?q=circle,
https://www.citiesocial.com/collections/vendors?q=MYNT,
https://www.citiesocial.com/collections/vendors?q=nose%20mask%20pit,
https://www.citiesocial.com/collections/vendors?q=Assisi%20LOOP,
https://www.citiesocial.com/collections/vendors?q=nikken-cutlery,
https://www.citiesocial.com/collections/vendors?q=FASHIONARY,
https://www.citiesocial.com/collections/vendors?q=Honey%20Sticks,
https://www.citiesocial.com/collections/vendors?q=Montegrappa,
https://www.citiesocial.com/collections/vendors?q=elego,
https://www.citiesocial.com/collections/vendors?q=MyBookmark,
https://www.citiesocial.com/collections/vendors?q=Laurence%20King,
https://www.citiesocial.com/collections/vendors?q=parsec,
https://www.citiesocial.com/collections/vendors?q=Fixate%20Gel%20Pads,
https://www.citiesocial.com/collections/vendors?q=STIKK,
https://www.citiesocial.com/collections/vendors?q=Smile%20Makers%C2%AE,
https://www.citiesocial.com/collections/vendors?q=Play%26joy,
https://www.citiesocial.com/collections/vendors?q=Vibease,
https://www.citiesocial.com/collections/vendors?q=Englox,
https://www.citiesocial.com/collections/vendors?q=ClipGo,
https://www.citiesocial.com/collections/vendors?q=tiohoh,
https://www.citiesocial.com/collections/vendors?q=Holly%26Beau,
https://www.citiesocial.com/collections/vendors?q=OFESS,
https://www.citiesocial.com/collections/vendors?q=BLUNT%C2%AE,
https://www.citiesocial.com/collections/vendors?q=Lifeapp,
https://www.citiesocial.com/collections/vendors?q=YogiPet,
https://www.citiesocial.com/collections/vendors?q=ABOUTMAO,
https://www.citiesocial.com/collections/vendors?q=Blackhole%20Cat%20Litter%20Mat,
https://www.citiesocial.com/collections/vendors?q=Compet,
https://www.citiesocial.com/collections/vendors?q=PETKIT,
https://www.citiesocial.com/collections/vendors?q=Jw%20Healing,
https://www.citiesocial.com/collections/vendors?q=CatchCats,
https://www.citiesocial.com/collections/vendors?q=Puff-N-Fluff,
https://www.citiesocial.com/collections/vendors?q=PETWANT,
https://www.citiesocial.com/collections/vendors?q=V-CUBE,
https://www.citiesocial.com/collections/vendors?q=oribel%C2%AE,
https://www.citiesocial.com/collections/vendors?q=%E8%B3%BD%E5%85%88%E7%94%9F%E7%A7%91%E5%AD%B8%E5%B7%A5%E5%BB%A0,
https://www.citiesocial.com/collections/vendors?q=Happiplayground,
https://www.citiesocial.com/collections/vendors?q=PlayMe%20X%20FATHER%27S%20FACTORY,
https://www.citiesocial.com/collections/vendors?q=Ugears,
https://www.citiesocial.com/collections/vendors?q=Ludus%20Ludi,
https://www.citiesocial.com/collections/vendors?q=Kickpack,
https://www.citiesocial.com/collections/vendors?q=TERADA%20MOKEI,
https://www.citiesocial.com/collections/vendors?q=4D%20Cityscape,
https://www.citiesocial.com/collections/vendors?q=ForeverSpin%E2%84%A2,
https://www.citiesocial.com/collections/vendors?q=iSpin.,
https://www.citiesocial.com/collections/vendors?q=URBAN%20GREEN%20MAKERS,
https://www.citiesocial.com/collections/vendors?q=SwitchEasy%C2%AE,
https://www.citiesocial.com/collections/vendors?q=HANAYAMA,
https://www.citiesocial.com/collections/vendors?q=flexo,
https://www.citiesocial.com/collections/vendors?q=BRIK,
https://www.citiesocial.com/collections/vendors?q=3Doodler,
https://www.citiesocial.com/collections/vendors?q=DASHING%20DIVA,
https://www.citiesocial.com/collections/vendors?q=Aurai,
https://www.citiesocial.com/collections/vendors?q=enerpad,
https://www.citiesocial.com/collections/vendors?q=Back%20Relief%20Duo,
https://www.citiesocial.com/collections/vendors?q=Colantotte,
https://www.citiesocial.com/collections/vendors?q=oserio,
https://www.citiesocial.com/collections/vendors?q=Wavertone%20180%C2%B0,
https://www.citiesocial.com/collections/vendors?q=POCKET,
https://www.citiesocial.com/collections/vendors?q=BANALE,
https://www.citiesocial.com/collections/vendors?q=PAINO,
https://www.citiesocial.com/collections/vendors?q=beurer,
https://www.citiesocial.com/collections/vendors?q=Leschi,
https://www.citiesocial.com/collections/vendors?q=talkimate%E2%84%A2,
https://www.citiesocial.com/collections/vendors?q=gravityx,
https://www.citiesocial.com/collections/vendors?q=INGEAR,
https://www.citiesocial.com/collections/vendors?q=unigear,
https://www.citiesocial.com/collections/vendors?q=Velo%20Sock,
https://www.citiesocial.com/collections/vendors?q=Geografia,
https://www.citiesocial.com/collections/vendors?q=Lago%20Design,
https://www.citiesocial.com/collections/vendors?q=Luckies,
https://www.citiesocial.com/collections/vendors?q=Palomar,
https://www.citiesocial.com/collections/vendors?q=Pantone%20Universe%E2%84%A2,
https://www.citiesocial.com/collections/vendors?q=ZERO%20Halliburton,
https://www.citiesocial.com/collections/vendors?q=Cabeau,
https://www.citiesocial.com/collections/vendors?q=FaceCradle,
https://www.citiesocial.com/collections/vendors?q=Sondre,
https://www.citiesocial.com/collections/vendors?q=Humangear,
https://www.citiesocial.com/collections/vendors?q=WACU,
https://www.citiesocial.com/collections/vendors?q=Byer%20of%20Maine,
https://www.citiesocial.com/collections/vendors?q=GOSUN,
https://www.citiesocial.com/collections/vendors?q=Outdoorbase,
https://www.citiesocial.com/collections/vendors?q=FILLNSQUEEZE,
https://www.citiesocial.com/collections/vendors?q=Lumikenk%C3%A4,
https://www.citiesocial.com/collections/vendors?q=Pinklining,
https://www.citiesocial.com/collections/vendors?q=Hudson%20Sutler,
https://www.citiesocial.com/collections/vendors?q=Colapz,
https://www.citiesocial.com/collections/vendors?q=SOTO,
https://www.citiesocial.com/collections/vendors?q=Granite%20Gear,
https://www.citiesocial.com/collections/vendors?q=Power%20Practical,
https://www.citiesocial.com/collections/vendors?q=Tentsile,
https://www.citiesocial.com/collections/vendors?q=Lotus%20Belle,
https://www.citiesocial.com/collections/vendors?q=Grand%20Trunk%20USA,
https://www.citiesocial.com/collections/vendors?q=FoldyLock,
https://www.citiesocial.com/collections/vendors?q=Rhinowalk,
https://www.citiesocial.com/collections/vendors?q=Montague,
https://www.citiesocial.com/collections/vendors?q=Albedo100,
https://www.citiesocial.com/collections/vendors?q=TOYMOCK,
https://www.citiesocial.com/collections/vendors?q=Omni,
https://www.citiesocial.com/collections/vendors?q=CRANE%20BELL,
https://www.citiesocial.com/collections/vendors?q=4id,
https://www.citiesocial.com/collections/vendors?q=FlipBelt,
https://www.citiesocial.com/collections/vendors?q=Yoga%20Design%20Lab,
https://www.citiesocial.com/collections/vendors?q=Body%20Action%20%E6%B4%9B%E5%85%8B%E9%A6%AC,
https://www.citiesocial.com/collections/vendors?q=elos%20skateboards,
https://www.citiesocial.com/collections/vendors?q=Wonder%20Core,
https://www.citiesocial.com/collections/vendors?q=GMINFU,
https://www.citiesocial.com/collections/vendors?q=TheNice,
https://www.citiesocial.com/collections/vendors?q=ProShot,
https://www.citiesocial.com/collections/vendors?q=AMEO%C2%AE,
https://www.citiesocial.com/collections/vendors?q=Bling2o,
https://www.citiesocial.com/collections/vendors?q=FLOATUS,
https://www.citiesocial.com/collections/vendors?q=ACO%20CHIC,
https://www.citiesocial.com/collections/vendors?q=%E6%B7%A8%E5%B0%8D%E6%B5%81XPURE,
https://www.citiesocial.com/collections/vendors?q=PackTowl,
https://www.citiesocial.com/collections/vendors?q=SnapperRock,
https://www.citiesocial.com/collections/vendors?q=Attipas,
https://www.citiesocial.com/collections/vendors?q=Kiddums,
https://www.citiesocial.com/collections/vendors?q=MARURU,
https://www.citiesocial.com/collections/vendors?q=Meiya%20%26%20Alvin,
https://www.citiesocial.com/collections/vendors?q=Wooly%20Organic,
https://www.citiesocial.com/collections/vendors?q=Fuelbaby,
https://www.citiesocial.com/collections/vendors?q=Lifefactory,
https://www.citiesocial.com/collections/vendors?q=KAKIBABY,
https://www.citiesocial.com/collections/vendors?q=ecostore,
https://www.citiesocial.com/collections/vendors?q=BabyCoccola%C2%AE,
https://www.citiesocial.com/collections/vendors?q=Hacoon%20%E7%99%BD%E9%9B%B2,
https://www.citiesocial.com/collections/vendors?q=Frenchie%20Mini%20Couture,
https://www.citiesocial.com/collections/vendors?q=Elodie%20Details,
https://www.citiesocial.com/collections/vendors?q=%E4%BB%8A%E6%B2%BB%E7%B9%94%E4%B8%8A,
https://www.citiesocial.com/collections/vendors?q=ZOOCCHiNi,
https://www.citiesocial.com/collections/vendors?q=Baby%20Bites,
https://www.citiesocial.com/collections/vendors?q=QUILTEX,
https://www.citiesocial.com/collections/vendors?q=Klippan,
https://www.citiesocial.com/collections/vendors?q=Baby%20Monsters,
https://www.citiesocial.com/collections/vendors?q=Maclaren,
https://www.citiesocial.com/collections/vendors?q=Wallaboo,
https://www.citiesocial.com/collections/vendors?q=HAAKAA,
https://www.citiesocial.com/collections/vendors?q=The%20Brushies,
https://www.citiesocial.com/collections/vendors?q=Hipsterkid,
https://www.citiesocial.com/collections/vendors?q=BABIATORS,
https://www.citiesocial.com/collections/vendors?q=NINO,
https://www.citiesocial.com/collections/vendors?q=Cheeky%20chomper,
https://www.citiesocial.com/collections/vendors?q=%E3%83%A1%E3%83%A2%E3%83%AA%E3%82%B3Memoriko,
https://www.citiesocial.com/collections/vendors?q=LET%E2%80%99S%20GO%20ECO,
https://www.citiesocial.com/collections/vendors?q=WMM,
https://www.citiesocial.com/collections/vendors?q=Elle%20Active,
https://www.citiesocial.com/collections/vendors?q=Novesta,
https://www.citiesocial.com/collections/vendors?q=Swing,
https://www.citiesocial.com/collections/vendors?q=Piggyback%20Rider,
https://www.citiesocial.com/collections/vendors?q=Papacarrier,
https://www.citiesocial.com/collections/vendors?q=Bixbee,
https://www.citiesocial.com/collections/vendors?q=i.d.gear,
https://www.citiesocial.com/collections/vendors?q=Minikoioi,
https://www.citiesocial.com/collections/vendors?q=EasyTots,
https://www.citiesocial.com/collections/vendors?q=greenkeeps,
https://www.citiesocial.com/collections/vendors?q=thinkbaby,
https://www.citiesocial.com/collections/vendors?q=Dabbawalla,
https://www.citiesocial.com/collections/vendors?q=iimo,
https://www.citiesocial.com/collections/vendors?q=Rabito,
https://www.citiesocial.com/collections/vendors?q=putia,
https://www.citiesocial.com/collections/vendors?q=nomi,
https://www.citiesocial.com/collections/vendors?q=Mamas%20%26%20Papas,
https://www.citiesocial.com/collections/vendors?q=New%20Classic%20Toys,
https://www.citiesocial.com/collections/vendors?q=Thames%20%26%20Hudson,
https://www.citiesocial.com/collections/vendors?q=boxbo,
https://www.citiesocial.com/collections/vendors?q=varistoys,
https://www.citiesocial.com/collections/vendors?q=Namaki,
https://www.citiesocial.com/collections/vendors?q=WARMIES,
https://www.citiesocial.com/collections/vendors?q=Fiesta,
https://www.citiesocial.com/collections/vendors?q=Educational%20Insights,
https://www.citiesocial.com/collections/vendors?q=science4you,
https://www.citiesocial.com/collections/vendors?q=boby%E6%B3%A2%E6%AF%94,
https://www.citiesocial.com/collections/vendors?q=Baghera,
https://www.citiesocial.com/collections/vendors?q=Crankgears,
https://www.citiesocial.com/collections/vendors?q=Radio%20Flyer,
https://www.citiesocial.com/collections/vendors?q=Kiddimoto,
https://www.citiesocial.com/collections/vendors?q=London%20Taxi%20KickBike,
https://www.citiesocial.com/collections/vendors?q=GLOBBER,
https://www.citiesocial.com/collections/vendors?q=smarTrike,
https://www.citiesocial.com/collections/vendors?q=BERG,
https://www.citiesocial.com/collections/vendors?q=AquaPlay,
https://www.citiesocial.com/collections/vendors?q=Tangle,
https://www.citiesocial.com/collections/vendors?q=aquaplay,
https://www.citiesocial.com/collections/vendors?q=SWIMTRAINER,
https://www.citiesocial.com/collections/vendors?q=Play%26Go,
https://www.citiesocial.com/collections/vendors?q=eitech,
https://www.citiesocial.com/collections/vendors?q=HUBELiNO,
https://www.citiesocial.com/collections/vendors?q=PAZO,
https://www.citiesocial.com/collections/vendors?q=Sphero,
https://www.citiesocial.com/collections/vendors?q=Weiyi,
https://www.citiesocial.com/collections/vendors?q=iNO,
https://www.citiesocial.com/collections/vendors?q=Eyejusters,
https://www.citiesocial.com/collections/vendors?q=classic%20canes,
https://www.citiesocial.com/collections/vendors?q=Sunrise%20Medical,
https://www.citiesocial.com/collections/vendors?q=Dr.Hear,
https://www.citiesocial.com/collections/vendors?q=Ta-Da%E2%84%A2,
https://www.citiesocial.com/collections/vendors?q=Eurovema,
