invcount,price,productcolor,productname,producturl

12,$4.99 USD,"""PK01""",A'PIEU Color Longwear Shadow Stick [EXP 10.07.2018],https://www.mishibox.com/collections/all-products/products/apieu-color-long-wear-shadow-stick

9,$0.99 USD,"""B",Baviphat Cream Blusher,https://www.mishibox.com/collections/all-products/products/baviphat-cream-blusher

384,$2.50 USD,"""D",Benton Snail Bee High Content Mask Pack,https://www.mishibox.com/collections/all-products/products/benton-snail-bee-high-content-mask-pack

8,$9.99 USD,"""D",COSRX AHA 7 Whitehead Power Liquid [EXP 4.19.2018],https://www.mishibox.com/collections/all-products/products/cosrx-aha-7-whitehead-power-liquid

6,$7.99 USD,"""V",Berrisom Oops! My Lip Tint Pack (No Box),https://www.mishibox.com/collections/all-products/products/berrisom-oops-my-lip-tint-pack

41,$5.00 USD,"""D",COSRX Acne Pimple Master Patch,https://www.mishibox.com/collections/all-products/products/cosrx-acne-pimple-master-patch

58,$20.00 USD,"""D",COSRX Galactomyces 95 Whitening Power Essence,https://www.mishibox.com/collections/all-products/products/cosrx-galactomyces-95-whitening-power-essence

2,$9.99 USD,"""D",COSRX Natural BHA Skin Returning A-Sol [Exp 4.24.2018],https://www.mishibox.com/collections/all-products/products/cosrx-natural-bha-skin-returning-a-sol

0,$22.00 USD,"""D",About Me Skin Tone Up Massage Cream,https://www.mishibox.com/collections/all-products/products/about-me-skin-tone-up-massage-cream

58,$20.00 USD,"""B",Benton Snail Bee High Content Lotion,https://www.mishibox.com/collections/all-products/products/benton-snail-bee-high-content-lotion

115,$11.00 USD,"""D",COSRX Low pH Good Morning Gel Cleanser,https://www.mishibox.com/collections/all-products/products/cosrx-low-ph-good-morning-gel-cleanser

25,$17.99 USD,"""D",COSRX Advanced Snail 96 Mucin Power Essence,https://www.mishibox.com/collections/all-products/products/cosrx-advanced-snail-96-mucin-power-essence

10,$16.99 USD,"""D",COSRX Centella Blemish Cream,https://www.mishibox.com/collections/all-products/products/cosrx-centella-blemish-cream

5,$1.99 USD,"""D",Cleomee Real Milk Oil Mask (Red) [Exp 3.25.2018],https://www.mishibox.com/collections/all-products/products/cleomee-real-milk-oil-mask-red

3,$29.99 USD,"""D",Berrisom Oops! My Lip Tint Pack (6 Pc Set),https://www.mishibox.com/collections/all-products/products/berrisom-oops-my-lip-tint-pack-6-pc-set

0,$35.00 USD,"""D",D'RAN Aqua Wonder Intensive Renewing Serum [Exp 2.26.2018],https://www.mishibox.com/collections/all-products/products/dran-aqua-wonder-intensive-renewing-serum

9,$4.49 USD,"""D",A'PIEU Non-latex Blending Puff,https://www.mishibox.com/collections/all-products/products/a-pieu-non-latex-blending-puff

13,$11.00 USD,"""D",Benton Honest Cleansing Foam,https://www.mishibox.com/collections/all-products/products/benton-honest-cleansing-foam

49,$20.00 USD,"""B",Benton Snail Bee High Content Skin,https://www.mishibox.com/collections/all-products/products/benton-snail-bee-high-content-skin

376,$2.99 USD,"""D",COSRX Holy Moly Snail Mask,https://www.mishibox.com/collections/all-products/products/cosrx-holy-moly-snail-mask

85,$15.00 USD,"""D",COSRX Aloe Soothing Sun Cream,https://www.mishibox.com/collections/all-products/products/cosrx-aloe-soothing-sun-cream

8,$22.49 USD,"""D",COSRX Acne Pimple Master Patch (5 PC  SET),https://www.mishibox.com/collections/all-products/products/cosrx-acne-pimple-master-patch-5-pc-set

0,$16.00 USD,"""D",COSRX Ultimate Nourishing Rice Overnight Spa Mask,https://www.mishibox.com/collections/all-products/products/cosrx-ultimate-nourishing-rice-overnight-spa-mask

11,$2.49 USD,"""S",Chamos Acaci Mask Pack,https://www.mishibox.com/collections/all-products/products/chamos-acaci-mask-pack

22,$20.00 USD,"""D",Benton Snail Bee High Content Essence,https://www.mishibox.com/collections/all-products/products/benton-snail-bee-high-content-essence

16,$15.99 USD,"""D",Chamos Acaci Snail Repair Aqua Gel Mist,https://www.mishibox.com/collections/all-products/products/chamos-acaci-snail-repair-aqua-gel-mist

477,$1.25 USD,"""D",A'PIEU Nonco Tea Tree Spot Patch,https://www.mishibox.com/collections/all-products/products/apieu-nonco-tea-tree-spot-patch

0,$21.00 USD,"""D",COSRX Advanced Snail 92 All in One Cream,https://www.mishibox.com/collections/all-products/products/cosrx-advanced-snail-92-all-in-one-cream

28,$6.45 USD,"""D",COSRX Blackhead Silk Finger Ball,https://www.mishibox.com/collections/all-products/products/cosrx-blackhead-silk-finger-ball

48,$20.00 USD,"""B",Benton Snail Bee High Content Steam Cream,https://www.mishibox.com/collections/all-products/products/benton-snail-bee-high-content-steam-cream

0,$0.99 USD,"""D",D'RAN A Swallow's Nest Treatment Mask [EXP 04.16.2018],https://www.mishibox.com/collections/all-products/products/dran-a-swallows-nest-treatment-mask

46,$3.00 USD,"""D",D'RAN Charcoal Pore Black Mask [EXP 08.26.2019],https://www.mishibox.com/collections/all-products/products/dran-charcoal-pore-black-mask

12,$19.99 USD,"""D",COSRX Honey Ceramide Eye Cream [EXP 07.18.2018],https://www.mishibox.com/collections/all-products/products/cosrx-honey-ceramide-eye-cream

